id,username,phone_number,address,area,city,state,pincode,created_at
d3333333-3333-4333-8333-333333333302,arjun_k,+919811122233,45 100 Feet Road,Indiranagar,Bengaluru,Karnataka,560038,2026-03-31T23:46:39.804Z
d3333333-3333-4333-8333-333333333301,riya_shah,+919876543210,12 Turner Road,Bandra West,Mumbai,Maharashtra,400050,2026-03-31T23:46:39.804Z
240b5245-a37e-430c-b93c-bd4d3ae96515,user1,+919328622665,Street 1,Banjara Hills,Hyderabad,Telangana,500001,2026-03-31T23:46:40.129Z
d4d5bb86-da3a-4af5-8418-855188a3867b,user10,+919341907425,Street 10,Andheri,Hyderabad,Telangana,500010,2026-03-31T23:46:40.129Z
f87b7234-6462-4487-8804-7f8f5badca16,user100,+919926295537,Street 100,Indiranagar,Chennai,Tamil Nadu,500100,2026-03-31T23:46:40.129Z
df07ff4a-a350-45fd-b4d2-b6937e195fac,user101,+919132503874,Street 101,Banjara Hills,Mumbai,Maharashtra,500101,2026-03-31T23:46:40.129Z
977093cf-4ffb-43f2-be9c-764bcf229c87,user102,+919703537005,Street 102,Andheri,Delhi,Delhi,500102,2026-03-31T23:46:40.129Z
6cdb9556-0b28-44f0-96f5-fa641c7e2131,user103,+919118001824,Street 103,Banjara Hills,Delhi,Delhi,500103,2026-03-31T23:46:40.129Z
a9bac7b2-3851-4361-bc1e-488f1c13294e,user104,+919758962873,Street 104,Connaught Place,Chennai,Tamil Nadu,500104,2026-03-31T23:46:40.129Z
c5946247-7554-4d8e-90dc-139d7f753fcd,user105,+919155516296,Street 105,T Nagar,Delhi,Delhi,500105,2026-03-31T23:46:40.129Z
414ae7fe-feb4-4406-8c2e-e1d6f9515a1f,user106,+919137408009,Street 106,Indiranagar,Mumbai,Maharashtra,500106,2026-03-31T23:46:40.129Z
9cc9622c-cf58-4376-89d1-2257721155a7,user107,+919151649204,Street 107,Connaught Place,Chennai,Tamil Nadu,500107,2026-03-31T23:46:40.129Z
146232ef-cd2e-41bc-b2f1-f1585d8f85be,user108,+919648159276,Street 108,Connaught Place,Bangalore,Karnataka,500108,2026-03-31T23:46:40.129Z
e10d715a-a897-4a9b-ae3b-9bf8e64d8017,user109,+919194883828,Street 109,Madhapur,Hyderabad,Telangana,500109,2026-03-31T23:46:40.129Z
652e73ba-88fa-43ad-afbe-0f88f268b4c9,user11,+919606179813,Street 11,Banjara Hills,Delhi,Delhi,500011,2026-03-31T23:46:40.129Z
7a63f632-fc71-401b-8245-eac0169d8e1b,user110,+919924670389,Street 110,Connaught Place,Chennai,Tamil Nadu,500110,2026-03-31T23:46:40.129Z
92fa291a-c908-46c1-96eb-4dd1d50e41f0,user111,+919693719054,Street 111,Banjara Hills,Bangalore,Karnataka,500111,2026-03-31T23:46:40.129Z
0c2ce731-ad0c-4e1d-b5ae-4ec2b1187f32,user112,+919960052895,Street 112,Banjara Hills,Mumbai,Maharashtra,500112,2026-03-31T23:46:40.129Z
0576715b-2026-48c1-8954-758e2b21791e,user113,+919583443957,Street 113,Indiranagar,Hyderabad,Telangana,500113,2026-03-31T23:46:40.129Z
1598f424-9f77-4c5d-8125-8595b4b5b20c,user114,+919448788282,Street 114,Indiranagar,Delhi,Delhi,500114,2026-03-31T23:46:40.129Z
f81d76e5-f0d6-4534-abab-5c3ef75b8b7a,user115,+919482698764,Street 115,Madhapur,Mumbai,Maharashtra,500115,2026-03-31T23:46:40.129Z
166b8fa6-9063-44da-8bab-019ca0a81aea,user116,+919897583701,Street 116,T Nagar,Bangalore,Karnataka,500116,2026-03-31T23:46:40.129Z
a2eee65a-786a-43d7-8056-a875032b3935,user117,+919514107533,Street 117,Madhapur,Delhi,Delhi,500117,2026-03-31T23:46:40.129Z
43742a2e-f5a6-4cd1-87d4-0fd8795158aa,user118,+919573249068,Street 118,Connaught Place,Delhi,Delhi,500118,2026-03-31T23:46:40.129Z
e8cb240a-650b-468f-832b-b59232561f2b,user119,+919150050882,Street 119,Andheri,Bangalore,Karnataka,500119,2026-03-31T23:46:40.129Z
81eed288-830a-49b9-b5b4-5d73d2ec16fc,user12,+919477208701,Street 12,Banjara Hills,Mumbai,Maharashtra,500012,2026-03-31T23:46:40.129Z
ebfa6abf-1c44-4a74-9423-e017a30032ef,user120,+919706607827,Street 120,Banjara Hills,Hyderabad,Telangana,500120,2026-03-31T23:46:40.129Z
19f2659e-cc49-45da-80b7-6b2a6bf898c4,user121,+919744904867,Street 121,Andheri,Bangalore,Karnataka,500121,2026-03-31T23:46:40.129Z
88e96748-f652-4dcc-8904-8a32ac819833,user122,+919729829939,Street 122,T Nagar,Hyderabad,Telangana,500122,2026-03-31T23:46:40.129Z
7dbac637-af99-4593-b51e-48ac31a9b770,user123,+919980690578,Street 123,Indiranagar,Delhi,Delhi,500123,2026-03-31T23:46:40.129Z
e4ac965d-23b4-436d-8f4f-a4521cf246e2,user124,+919147104260,Street 124,Madhapur,Hyderabad,Telangana,500124,2026-03-31T23:46:40.129Z
3ff29cca-2da5-4d83-8f64-c9779e474581,user125,+919201387290,Street 125,Andheri,Bangalore,Karnataka,500125,2026-03-31T23:46:40.129Z
4c3f79d0-1712-4591-8093-062f1d7e0daa,user126,+919678406771,Street 126,Indiranagar,Bangalore,Karnataka,500126,2026-03-31T23:46:40.129Z
26770dcf-e076-4bc9-a3be-96cb3ec23460,user127,+919769976456,Street 127,Indiranagar,Chennai,Tamil Nadu,500127,2026-03-31T23:46:40.129Z
93bd6648-9e58-470e-b7e1-0c2ba12739c8,user128,+919936676250,Street 128,Indiranagar,Mumbai,Maharashtra,500128,2026-03-31T23:46:40.129Z
73676b91-f2c4-45d0-95ed-8fcd4385f3f5,user129,+919386376160,Street 129,Connaught Place,Chennai,Tamil Nadu,500129,2026-03-31T23:46:40.129Z
54d2e82f-6aa0-4423-a1ef-e040f713306a,user13,+919385580771,Street 13,T Nagar,Delhi,Delhi,500013,2026-03-31T23:46:40.129Z
74e8da44-a20d-4e13-aa94-ca123de341b5,user130,+919492336825,Street 130,Madhapur,Delhi,Delhi,500130,2026-03-31T23:46:40.129Z
169ee327-4400-4584-98dd-b9e60104f0e4,user131,+919871228362,Street 131,Banjara Hills,Delhi,Delhi,500131,2026-03-31T23:46:40.129Z
df11cf7f-b9ff-421f-b9bf-af6f1131aeb7,user132,+919235849432,Street 132,Connaught Place,Mumbai,Maharashtra,500132,2026-03-31T23:46:40.129Z
236ddb8e-b7d2-4a19-a12b-5cd9b4f06d0c,user133,+919226170626,Street 133,T Nagar,Mumbai,Maharashtra,500133,2026-03-31T23:46:40.129Z
e27b505f-b5f5-4c82-ad35-96f02f3c40e5,user134,+919785510940,Street 134,Banjara Hills,Delhi,Delhi,500134,2026-03-31T23:46:40.129Z
eb399a0d-6375-4ad4-87c7-48ab8a63052b,user135,+919182705964,Street 135,Andheri,Chennai,Tamil Nadu,500135,2026-03-31T23:46:40.129Z
dd062a0a-4768-4cae-8e05-49d6de5f63e4,user136,+919217428514,Street 136,Andheri,Hyderabad,Telangana,500136,2026-03-31T23:46:40.129Z
8044c9cf-a4c2-4449-a450-099aeff47780,user137,+919679560142,Street 137,Madhapur,Bangalore,Karnataka,500137,2026-03-31T23:46:40.129Z
244f26f7-d2ea-4b0d-a9c4-913a66173300,user138,+919929371402,Street 138,Banjara Hills,Hyderabad,Telangana,500138,2026-03-31T23:46:40.129Z
0fe9a37e-7bb2-4b71-bee1-2202eba47716,user139,+919136811895,Street 139,Andheri,Delhi,Delhi,500139,2026-03-31T23:46:40.129Z
aa42c4cb-2ff6-4e5d-b1bb-9f3e9781fdf6,user14,+919820257486,Street 14,Madhapur,Mumbai,Maharashtra,500014,2026-03-31T23:46:40.129Z
7ee5d82f-0438-49a2-b9a6-a9707787e0d1,user140,+919555481182,Street 140,Banjara Hills,Mumbai,Maharashtra,500140,2026-03-31T23:46:40.129Z
33786d63-d22a-4dc0-bdb4-aeb04e3cbc94,user141,+919641466255,Street 141,T Nagar,Chennai,Tamil Nadu,500141,2026-03-31T23:46:40.129Z
5245f786-99d3-4197-9bc6-750ea77fd19d,user142,+919372593646,Street 142,Indiranagar,Bangalore,Karnataka,500142,2026-03-31T23:46:40.129Z
88ac2327-b8a3-4c9f-87dc-a62c33416aa6,user143,+919121740544,Street 143,Connaught Place,Chennai,Tamil Nadu,500143,2026-03-31T23:46:40.129Z
4c8d960a-e327-4ee4-a529-da7019f3b92e,user144,+919921216740,Street 144,Connaught Place,Mumbai,Maharashtra,500144,2026-03-31T23:46:40.129Z
94518c2d-a1bc-4876-bdb6-2ee5314c52a6,user145,+919440178763,Street 145,Andheri,Bangalore,Karnataka,500145,2026-03-31T23:46:40.129Z
32f49ec3-5025-4f0c-9cfd-7685a8dc9a31,user146,+919259871267,Street 146,Indiranagar,Delhi,Delhi,500146,2026-03-31T23:46:40.129Z
2fd8f415-7349-40d4-b47a-2b407fe97b3a,user147,+919161047935,Street 147,Madhapur,Delhi,Delhi,500147,2026-03-31T23:46:40.129Z
d023b664-b0ae-4818-b247-56ae98f3d92b,user148,+919136461877,Street 148,T Nagar,Bangalore,Karnataka,500148,2026-03-31T23:46:40.129Z
df5f6bd2-113b-416f-bcfa-5cb09420b34b,user149,+919830419242,Street 149,Indiranagar,Hyderabad,Telangana,500149,2026-03-31T23:46:40.129Z
8d6a43cf-cb49-421e-9aa7-4d86c3557aad,user15,+919107241782,Street 15,Andheri,Bangalore,Karnataka,500015,2026-03-31T23:46:40.129Z
b77bf5d8-3e60-41c7-8dc3-338ccd00aaf5,user150,+919498738486,Street 150,Connaught Place,Mumbai,Maharashtra,500150,2026-03-31T23:46:40.129Z
7827e7e8-8e52-4b9a-99a5-447c935a248d,user151,+919799796051,Street 151,T Nagar,Bangalore,Karnataka,500151,2026-03-31T23:46:40.129Z
1aaa113c-50ab-471e-a65a-8b5f39a99987,user152,+919583708028,Street 152,Indiranagar,Mumbai,Maharashtra,500152,2026-03-31T23:46:40.129Z
bfe064f8-c1a8-4c3d-b8b9-73bede48552d,user153,+919439311266,Street 153,T Nagar,Bangalore,Karnataka,500153,2026-03-31T23:46:40.129Z
f1510a8b-3d2b-431b-a9e6-20ca7d96e7a4,user154,+919761949589,Street 154,Andheri,Chennai,Tamil Nadu,500154,2026-03-31T23:46:40.129Z
f983620f-32ba-456d-9683-e7261b72e791,user155,+919301494413,Street 155,Madhapur,Chennai,Tamil Nadu,500155,2026-03-31T23:46:40.129Z
2818a295-115e-4dd9-a428-3f32dfc05742,user156,+919340509979,Street 156,Andheri,Bangalore,Karnataka,500156,2026-03-31T23:46:40.129Z
a1831cf6-2d6d-40ab-a1c8-68ce6caac417,user157,+919601180991,Street 157,Banjara Hills,Chennai,Tamil Nadu,500157,2026-03-31T23:46:40.129Z
67344933-61f5-4751-bbbc-409d8d9dace0,user158,+919502676258,Street 158,Indiranagar,Bangalore,Karnataka,500158,2026-03-31T23:46:40.129Z
7e38873d-f3d9-4274-8e0f-f58811bc07f5,user159,+919397688481,Street 159,Banjara Hills,Chennai,Tamil Nadu,500159,2026-03-31T23:46:40.129Z
574faad6-11c1-4d33-94f8-e0330b693f87,user16,+919678663653,Street 16,Madhapur,Chennai,Tamil Nadu,500016,2026-03-31T23:46:40.129Z
9738237f-894d-4d78-a9e7-66bb3bb9ba63,user160,+919581318692,Street 160,Banjara Hills,Delhi,Delhi,500160,2026-03-31T23:46:40.129Z
4de90c4f-521c-4174-b720-41259fda928e,user161,+919449881778,Street 161,Indiranagar,Hyderabad,Telangana,500161,2026-03-31T23:46:40.129Z
23bad99b-32cf-46d8-8c80-5775654a0e88,user162,+919372532778,Street 162,Andheri,Bangalore,Karnataka,500162,2026-03-31T23:46:40.129Z
503d02d5-f83c-4780-ae16-e2bf12325a2b,user163,+919962215870,Street 163,Indiranagar,Chennai,Tamil Nadu,500163,2026-03-31T23:46:40.129Z
4933fd55-726e-4bb8-a304-07a3d7499ac9,user164,+919862746745,Street 164,Andheri,Chennai,Tamil Nadu,500164,2026-03-31T23:46:40.129Z
3e6ecea1-6001-447c-a06c-756382282ff1,user165,+919394737872,Street 165,Madhapur,Bangalore,Karnataka,500165,2026-03-31T23:46:40.129Z
280267c9-9ff9-439a-a9dc-d59510561f17,user166,+919480077652,Street 166,Andheri,Chennai,Tamil Nadu,500166,2026-03-31T23:46:40.129Z
ef22709b-ca02-47ee-a5bf-376e9f3a01af,user167,+919441698839,Street 167,Banjara Hills,Delhi,Delhi,500167,2026-03-31T23:46:40.129Z
b9303e5c-5df5-463f-8158-cb4d4f7770fc,user168,+919628513029,Street 168,Connaught Place,Hyderabad,Telangana,500168,2026-03-31T23:46:40.129Z
ebe38f7a-9ff6-4a2a-a3c3-4a078722fd88,user169,+919566347407,Street 169,Andheri,Mumbai,Maharashtra,500169,2026-03-31T23:46:40.129Z
6262fcb3-33c5-4ae8-a85d-b35cb80ba1b1,user17,+919616231693,Street 17,Andheri,Mumbai,Maharashtra,500017,2026-03-31T23:46:40.129Z
f299db60-3980-472b-8a2d-e379d11e59b0,user170,+919615437976,Street 170,Andheri,Delhi,Delhi,500170,2026-03-31T23:46:40.129Z
b498d17c-1cd1-4f8a-ab93-2c86bea7b607,user171,+919587724336,Street 171,Andheri,Bangalore,Karnataka,500171,2026-03-31T23:46:40.129Z
49c9b135-6fc4-4e17-9ea0-04f98ae4167a,user172,+919731729850,Street 172,Madhapur,Mumbai,Maharashtra,500172,2026-03-31T23:46:40.129Z
413d67b7-cc4e-413a-a5f3-a65ca094d00d,user173,+919408855207,Street 173,Connaught Place,Hyderabad,Telangana,500173,2026-03-31T23:46:40.129Z
e8dfb528-91c3-4a65-85ce-f6f6b273653d,user174,+919927125125,Street 174,T Nagar,Chennai,Tamil Nadu,500174,2026-03-31T23:46:40.129Z
c4b0de6d-9f0d-4a27-a0cc-86bd577820c4,user175,+919208133318,Street 175,T Nagar,Hyderabad,Telangana,500175,2026-03-31T23:46:40.129Z
1ae19d1b-c94a-47d7-a27b-de6c83bb700b,user176,+919959047651,Street 176,Andheri,Bangalore,Karnataka,500176,2026-03-31T23:46:40.129Z
c03ff43a-2e97-4329-b9f6-e9ba584429ec,user177,+919181895425,Street 177,T Nagar,Bangalore,Karnataka,500177,2026-03-31T23:46:40.129Z
c03de751-b880-4fca-ac0c-1bded0b124cf,user178,+919319893107,Street 178,Connaught Place,Bangalore,Karnataka,500178,2026-03-31T23:46:40.129Z
35b56b2b-f2dd-4674-a54a-6ef58f8bb68d,user179,+919592725569,Street 179,Madhapur,Chennai,Tamil Nadu,500179,2026-03-31T23:46:40.129Z
b41965ce-6b60-4b52-8283-b2df993ba947,user18,+919740431433,Street 18,T Nagar,Delhi,Delhi,500018,2026-03-31T23:46:40.129Z
8aea154b-ccf7-449a-be76-9a2a3e9a7a81,user180,+919994251855,Street 180,Madhapur,Delhi,Delhi,500180,2026-03-31T23:46:40.129Z
29ea1332-8524-4c1a-b149-9be794216929,user181,+919131418070,Street 181,Indiranagar,Chennai,Tamil Nadu,500181,2026-03-31T23:46:40.129Z
2559ad5c-1000-46c1-bfcf-b2e7b7e2e30c,user182,+919903928157,Street 182,Madhapur,Bangalore,Karnataka,500182,2026-03-31T23:46:40.129Z
4ae3f778-e2a8-4ac3-b2d0-a4f8914c6641,user183,+919211193037,Street 183,Connaught Place,Chennai,Tamil Nadu,500183,2026-03-31T23:46:40.129Z
0926d0f1-437a-43ec-9ff8-3da6f0a696a0,user184,+919858516774,Street 184,Indiranagar,Mumbai,Maharashtra,500184,2026-03-31T23:46:40.129Z
c2cc00ee-2b1a-4409-808f-ea3691bfe5c7,user185,+919592728179,Street 185,Madhapur,Delhi,Delhi,500185,2026-03-31T23:46:40.129Z
92c6a960-0d37-4787-991b-8c39cc8f04a1,user186,+919529836808,Street 186,T Nagar,Mumbai,Maharashtra,500186,2026-03-31T23:46:40.129Z
14a44ba9-5ee0-4075-9dab-38dee24f07f8,user187,+919467585399,Street 187,Indiranagar,Mumbai,Maharashtra,500187,2026-03-31T23:46:40.129Z
20cc478e-66e2-4077-a4f5-483736e17d7a,user188,+919795361680,Street 188,Andheri,Mumbai,Maharashtra,500188,2026-03-31T23:46:40.129Z
ac9516e7-7154-4168-bbd6-846819b5cafa,user189,+919205275992,Street 189,Andheri,Chennai,Tamil Nadu,500189,2026-03-31T23:46:40.129Z
05bda409-b2b5-40c4-bb0b-0a032b624649,user19,+919213502405,Street 19,Andheri,Hyderabad,Telangana,500019,2026-03-31T23:46:40.129Z
14e6e136-1f3f-4f2b-bff7-9a88ea553352,user190,+919647275406,Street 190,Indiranagar,Chennai,Tamil Nadu,500190,2026-03-31T23:46:40.129Z
3810d341-0e5f-465c-805e-88773844ace8,user191,+919402302160,Street 191,Indiranagar,Hyderabad,Telangana,500191,2026-03-31T23:46:40.129Z
bbb35425-b0ac-4832-85e9-aaa854782b35,user192,+919223274930,Street 192,Banjara Hills,Hyderabad,Telangana,500192,2026-03-31T23:46:40.129Z
6bf9804d-f366-4168-8715-899b6129637e,user193,+919425834965,Street 193,Banjara Hills,Bangalore,Karnataka,500193,2026-03-31T23:46:40.129Z
af8def22-7099-4d53-b5c7-9214bf02c1c5,user194,+919519700409,Street 194,Banjara Hills,Chennai,Tamil Nadu,500194,2026-03-31T23:46:40.129Z
abb5a855-ca85-4233-b40a-b97b983899f2,user195,+919400030431,Street 195,Andheri,Chennai,Tamil Nadu,500195,2026-03-31T23:46:40.129Z
440b2722-6009-480d-8fe9-50eed7da1daa,user196,+919508027454,Street 196,Banjara Hills,Chennai,Tamil Nadu,500196,2026-03-31T23:46:40.129Z
c4316ebc-de8a-4365-b02c-23e0b6a793eb,user197,+919690615517,Street 197,Andheri,Delhi,Delhi,500197,2026-03-31T23:46:40.129Z
9e461361-a0a6-47b1-9ee2-6e19705881fa,user198,+919476063077,Street 198,Banjara Hills,Delhi,Delhi,500198,2026-03-31T23:46:40.129Z
aad118b2-d63d-4b13-9425-cc1b2330fe34,user199,+919357576434,Street 199,Banjara Hills,Chennai,Tamil Nadu,500199,2026-03-31T23:46:40.129Z
3f34987b-1e4b-4023-bc2a-63b4c52c5cca,user2,+919521499115,Street 2,T Nagar,Chennai,Tamil Nadu,500002,2026-03-31T23:46:40.129Z
d70265e6-6210-404a-8d68-d740a0339169,user20,+919538233107,Street 20,Indiranagar,Bangalore,Karnataka,500020,2026-03-31T23:46:40.129Z
9353b55b-de83-4d76-978e-288837bcbb91,user200,+919151400513,Street 200,T Nagar,Chennai,Tamil Nadu,500200,2026-03-31T23:46:40.129Z
0e2eb0e2-2616-4562-8707-a14c81ad28f3,user21,+919387385312,Street 21,T Nagar,Chennai,Tamil Nadu,500021,2026-03-31T23:46:40.129Z
3609d681-09fc-4ac8-a55d-1f218a3ec8d9,user22,+919905083236,Street 22,Connaught Place,Mumbai,Maharashtra,500022,2026-03-31T23:46:40.129Z
78ee08a3-7844-48e1-bb79-8b1c22f47ddf,user23,+919681168651,Street 23,Connaught Place,Chennai,Tamil Nadu,500023,2026-03-31T23:46:40.129Z
8b2551c5-2b2d-479e-9dc8-827daaa47efe,user24,+919223126955,Street 24,Andheri,Chennai,Tamil Nadu,500024,2026-03-31T23:46:40.129Z
22e47bf6-78e7-480b-a0f9-a4dd7466b865,user25,+919726486522,Street 25,Madhapur,Chennai,Tamil Nadu,500025,2026-03-31T23:46:40.129Z
012bf45d-8df7-4ec4-bf36-251994be297f,user26,+919729842102,Street 26,Indiranagar,Chennai,Tamil Nadu,500026,2026-03-31T23:46:40.129Z
8f2153dc-6538-4b2b-8d8b-d18820a1807d,user27,+919797381366,Street 27,T Nagar,Mumbai,Maharashtra,500027,2026-03-31T23:46:40.129Z
813e746b-114d-4cc3-84e1-6d6dd8c9fdb4,user28,+919462972978,Street 28,Madhapur,Mumbai,Maharashtra,500028,2026-03-31T23:46:40.129Z
48e190c0-3954-4e90-ac20-0e278cce16ce,user29,+919932176550,Street 29,Indiranagar,Bangalore,Karnataka,500029,2026-03-31T23:46:40.129Z
9480fc35-165a-4e26-8bce-900f3e98b866,user3,+919334892280,Street 3,T Nagar,Delhi,Delhi,500003,2026-03-31T23:46:40.129Z
608f7951-bbf7-48e8-8925-f7efe7308a79,user30,+919617970223,Street 30,Connaught Place,Chennai,Tamil Nadu,500030,2026-03-31T23:46:40.129Z
b84f5b68-ce17-4071-86da-b1ba7c0b3fe6,user31,+919540938581,Street 31,Indiranagar,Hyderabad,Telangana,500031,2026-03-31T23:46:40.129Z
0fba0191-5fed-4fe2-87b7-b8f578b78dfe,user32,+919885563147,Street 32,Andheri,Chennai,Tamil Nadu,500032,2026-03-31T23:46:40.129Z
b86b1b63-d229-449a-8504-878e2c6da52c,user33,+919692857662,Street 33,Andheri,Chennai,Tamil Nadu,500033,2026-03-31T23:46:40.129Z
6be64baa-300d-4df0-afed-584dce2166fb,user34,+919879290624,Street 34,Indiranagar,Chennai,Tamil Nadu,500034,2026-03-31T23:46:40.129Z
32defc8f-5de2-4801-9ca2-2b5262a4f30d,user35,+919892661252,Street 35,T Nagar,Delhi,Delhi,500035,2026-03-31T23:46:40.129Z
75f31581-821c-4eac-a18c-6c553be59151,user36,+919139465438,Street 36,T Nagar,Bangalore,Karnataka,500036,2026-03-31T23:46:40.129Z
fad31eab-61ca-439b-856d-25a5067a63b5,user37,+919167737350,Street 37,Connaught Place,Chennai,Tamil Nadu,500037,2026-03-31T23:46:40.129Z
066324fb-c60c-46d5-9f71-880abe96c777,user38,+919427361052,Street 38,Connaught Place,Mumbai,Maharashtra,500038,2026-03-31T23:46:40.129Z
60cd3b32-597f-47fa-a48a-0ff9fc646dd4,user39,+919733461681,Street 39,T Nagar,Mumbai,Maharashtra,500039,2026-03-31T23:46:40.129Z
1cf6c246-0884-4657-a231-f72a8b76733e,user4,+919126983574,Street 4,Banjara Hills,Chennai,Tamil Nadu,500004,2026-03-31T23:46:40.129Z
12c32633-a06b-46cb-9755-b7905dd26829,user40,+919745994389,Street 40,Connaught Place,Hyderabad,Telangana,500040,2026-03-31T23:46:40.129Z
a58dea01-1964-4c86-a0a0-31a551df4bf3,user41,+919107832573,Street 41,Banjara Hills,Mumbai,Maharashtra,500041,2026-03-31T23:46:40.129Z
45280f0a-2d95-486f-938f-e1e600cb403c,user42,+919140786805,Street 42,T Nagar,Mumbai,Maharashtra,500042,2026-03-31T23:46:40.129Z
9809838b-77fd-4a59-ad0a-0544684057a9,user43,+919858975450,Street 43,Connaught Place,Mumbai,Maharashtra,500043,2026-03-31T23:46:40.129Z
4e6b17e3-05a0-4c5d-b587-48c946beebfb,user44,+919385062291,Street 44,Connaught Place,Hyderabad,Telangana,500044,2026-03-31T23:46:40.129Z
95c0060c-e143-4d09-98f6-0cd9ea97f542,user45,+919815532991,Street 45,T Nagar,Mumbai,Maharashtra,500045,2026-03-31T23:46:40.129Z
c468614d-09b2-46e5-9eb9-a929ce91ef37,user46,+919378531661,Street 46,Madhapur,Chennai,Tamil Nadu,500046,2026-03-31T23:46:40.129Z
222a4411-6132-4a3a-84e9-9292dd5f53f3,user47,+919430819938,Street 47,Banjara Hills,Bangalore,Karnataka,500047,2026-03-31T23:46:40.129Z
060517de-1ca6-4940-b64e-f711f7e17234,user48,+919930929731,Street 48,Andheri,Bangalore,Karnataka,500048,2026-03-31T23:46:40.129Z
e14ee7c6-4769-43d4-9b08-2af44e49fdbf,user49,+919959149097,Street 49,Indiranagar,Hyderabad,Telangana,500049,2026-03-31T23:46:40.129Z
80a5a087-708f-45b2-8efc-959f0d64ae02,user5,+919893697901,Street 5,Indiranagar,Mumbai,Maharashtra,500005,2026-03-31T23:46:40.129Z
30d18e5a-4cac-4958-af6c-906c571f41f2,user50,+919293355652,Street 50,Madhapur,Mumbai,Maharashtra,500050,2026-03-31T23:46:40.129Z
c95a328e-b43e-43e4-9015-a0b8065acbb9,user51,+919522789889,Street 51,Madhapur,Chennai,Tamil Nadu,500051,2026-03-31T23:46:40.129Z
eed01853-fcc2-4ccc-9f72-99cdea1b3639,user52,+919305265918,Street 52,T Nagar,Bangalore,Karnataka,500052,2026-03-31T23:46:40.129Z
ffb58a09-b941-420b-ade4-addcc6cb60f3,user53,+919911394476,Street 53,Indiranagar,Chennai,Tamil Nadu,500053,2026-03-31T23:46:40.129Z
ac03ee6d-2c79-4f2c-8680-a75956eb6d41,user54,+919963012396,Street 54,Andheri,Bangalore,Karnataka,500054,2026-03-31T23:46:40.129Z
5de7ea61-4f79-4fbc-8300-50c271d122e3,user55,+919168042979,Street 55,Madhapur,Delhi,Delhi,500055,2026-03-31T23:46:40.129Z
7b99047c-2809-4bb9-b8da-cd39f0a5b84d,user56,+919353369926,Street 56,Banjara Hills,Mumbai,Maharashtra,500056,2026-03-31T23:46:40.129Z
ffd5df48-88e0-46e0-ad77-eff99142cf1d,user57,+919759926044,Street 57,Madhapur,Hyderabad,Telangana,500057,2026-03-31T23:46:40.129Z
313aeb16-97cc-42a0-b50e-ca1ca7ef5e1e,user58,+919633276413,Street 58,T Nagar,Mumbai,Maharashtra,500058,2026-03-31T23:46:40.129Z
fee568a4-a302-4e5b-8248-7fb18c3e847b,user59,+919499015596,Street 59,Banjara Hills,Delhi,Delhi,500059,2026-03-31T23:46:40.129Z
7b5cb531-a3cb-4946-b765-555d828ea9bc,user6,+919521293891,Street 6,Andheri,Chennai,Tamil Nadu,500006,2026-03-31T23:46:40.129Z
1810c6f0-65b7-461a-a97b-1b6466d2fa73,user60,+919152380210,Street 60,Indiranagar,Mumbai,Maharashtra,500060,2026-03-31T23:46:40.129Z
3e064573-1406-43db-9d41-4c3b1064ec32,user61,+919699720876,Street 61,Indiranagar,Hyderabad,Telangana,500061,2026-03-31T23:46:40.129Z
cb347dfe-b331-4c8e-b238-9db4c966598b,user62,+919666191563,Street 62,Andheri,Hyderabad,Telangana,500062,2026-03-31T23:46:40.129Z
ac9da151-c21f-4368-9e27-bd0156586e25,user63,+919449966018,Street 63,Andheri,Delhi,Delhi,500063,2026-03-31T23:46:40.129Z
c6f58165-8433-428b-8264-588f211bdd28,user64,+919873368846,Street 64,Madhapur,Hyderabad,Telangana,500064,2026-03-31T23:46:40.129Z
d20851e1-d682-4688-852a-62a260eb5e78,user65,+919161402451,Street 65,Andheri,Hyderabad,Telangana,500065,2026-03-31T23:46:40.129Z
e9be0c25-2cde-4a34-a472-3682eaf40e12,user66,+919930593192,Street 66,Indiranagar,Mumbai,Maharashtra,500066,2026-03-31T23:46:40.129Z
2e6ec83e-8e45-4d8b-9a8b-e7245f8956e7,user67,+919280621943,Street 67,Andheri,Bangalore,Karnataka,500067,2026-03-31T23:46:40.129Z
0241a6ac-7e5f-4921-901b-ff556bfdc618,user68,+919918259367,Street 68,T Nagar,Chennai,Tamil Nadu,500068,2026-03-31T23:46:40.129Z
b22d586c-894d-4de0-b857-59e8ada3fdf7,user69,+919287642652,Street 69,T Nagar,Chennai,Tamil Nadu,500069,2026-03-31T23:46:40.129Z
964b02da-2e97-477d-95d6-5dfbe5556d45,user7,+919149884097,Street 7,Andheri,Bangalore,Karnataka,500007,2026-03-31T23:46:40.129Z
9d33d21a-f597-4222-a893-086c476e33aa,user70,+919999432403,Street 70,Indiranagar,Delhi,Delhi,500070,2026-03-31T23:46:40.129Z
b9f17baa-e24a-4df3-b65c-5bef5244fa42,user71,+919942687795,Street 71,Madhapur,Hyderabad,Telangana,500071,2026-03-31T23:46:40.129Z
2fa3d53f-3d0c-469b-9e99-11b358c360fd,user72,+919730344458,Street 72,Connaught Place,Chennai,Tamil Nadu,500072,2026-03-31T23:46:40.129Z
c818c841-5571-4fb4-b07b-b0969d37782b,user73,+919800719858,Street 73,Madhapur,Delhi,Delhi,500073,2026-03-31T23:46:40.129Z
c75149e4-08c4-414d-b0fe-6ae6b8af0ef3,user74,+919886506679,Street 74,Madhapur,Hyderabad,Telangana,500074,2026-03-31T23:46:40.129Z
b6558810-c468-4a95-af54-fd279d4b8c26,user75,+919519632528,Street 75,Madhapur,Bangalore,Karnataka,500075,2026-03-31T23:46:40.129Z
eab8df02-0687-4019-ae1b-d94989765935,user76,+919487242904,Street 76,Madhapur,Mumbai,Maharashtra,500076,2026-03-31T23:46:40.129Z
5733fb28-4364-4bfb-a10d-c7dc9dd1399b,user77,+919864309569,Street 77,T Nagar,Hyderabad,Telangana,500077,2026-03-31T23:46:40.129Z
17df816f-1e1a-4252-b401-e20f272ac716,user78,+919324397068,Street 78,T Nagar,Mumbai,Maharashtra,500078,2026-03-31T23:46:40.129Z
361e7273-ef38-48df-89d3-65443b703007,user79,+919184832350,Street 79,Connaught Place,Mumbai,Maharashtra,500079,2026-03-31T23:46:40.129Z
b580b69f-254b-47fc-a76b-4d044348ab4e,user8,+919376989622,Street 8,T Nagar,Delhi,Delhi,500008,2026-03-31T23:46:40.129Z
fa882ca0-eaee-42db-ba3b-75a63b9a891f,user80,+919594290345,Street 80,T Nagar,Delhi,Delhi,500080,2026-03-31T23:46:40.129Z
1ee9205f-b4bf-4316-9428-8e3cbbe99c4b,user81,+919681296366,Street 81,Connaught Place,Delhi,Delhi,500081,2026-03-31T23:46:40.129Z
982765ab-73ed-475d-8635-86ff1a4d49bd,user82,+919976579422,Street 82,Connaught Place,Delhi,Delhi,500082,2026-03-31T23:46:40.129Z
330f3b36-51c8-41ad-a9ce-c4dd5c931d61,user83,+919218101463,Street 83,Andheri,Bangalore,Karnataka,500083,2026-03-31T23:46:40.129Z
e7792b6c-925b-49df-914d-1235ef24209c,user84,+919174303053,Street 84,Andheri,Mumbai,Maharashtra,500084,2026-03-31T23:46:40.129Z
daff5cfb-1b72-4c96-aaed-4e41c2bc1e03,user85,+919594687663,Street 85,Madhapur,Delhi,Delhi,500085,2026-03-31T23:46:40.129Z
2b8a0ad8-fc4a-43da-aa47-c488f80ef48e,user86,+919213497384,Street 86,Madhapur,Mumbai,Maharashtra,500086,2026-03-31T23:46:40.129Z
e6aaf98e-2f8b-47dc-94ae-3d6a9bae21ce,user87,+919546291768,Street 87,T Nagar,Hyderabad,Telangana,500087,2026-03-31T23:46:40.129Z
eb4cac8c-dd46-43c4-9fd7-e60b3c4fd27b,user88,+919580390255,Street 88,Connaught Place,Mumbai,Maharashtra,500088,2026-03-31T23:46:40.129Z
15a13949-95fe-417f-ab10-830cb42b6f9c,user89,+919404964821,Street 89,Andheri,Hyderabad,Telangana,500089,2026-03-31T23:46:40.129Z
9f1acd23-3a43-45b5-ab73-404ff71dab07,user9,+919930648410,Street 9,Indiranagar,Bangalore,Karnataka,500009,2026-03-31T23:46:40.129Z
09d294a9-c20e-4ed0-97dc-4b015dcc3bc2,user90,+919114439987,Street 90,Banjara Hills,Hyderabad,Telangana,500090,2026-03-31T23:46:40.129Z
991fb8e2-4789-4fbe-9371-e00c98cfda54,user91,+919114275492,Street 91,Andheri,Hyderabad,Telangana,500091,2026-03-31T23:46:40.129Z
27dc3c22-24f3-4eed-a3e3-a216ad447b56,user92,+919414245826,Street 92,T Nagar,Delhi,Delhi,500092,2026-03-31T23:46:40.129Z
4ceade35-3db1-4c32-86db-aa674ab8525b,user93,+919875831299,Street 93,Madhapur,Mumbai,Maharashtra,500093,2026-03-31T23:46:40.129Z
f4bac057-356f-405e-bfa7-28975fd91a04,user94,+919225470953,Street 94,Connaught Place,Hyderabad,Telangana,500094,2026-03-31T23:46:40.129Z
43e92820-183c-4b1c-a01b-1c9c7821002a,user95,+919851022800,Street 95,Andheri,Bangalore,Karnataka,500095,2026-03-31T23:46:40.129Z
61eb16b3-20b7-4b1a-82d9-bce43123e2d6,user96,+919635372888,Street 96,Madhapur,Hyderabad,Telangana,500096,2026-03-31T23:46:40.129Z
f1252c18-eb5b-41e6-94b2-d7d285bb08f5,user97,+919701551659,Street 97,Banjara Hills,Hyderabad,Telangana,500097,2026-03-31T23:46:40.129Z
be82d443-e1b7-48dc-bf8e-d96babb60269,user98,+919940430967,Street 98,Andheri,Bangalore,Karnataka,500098,2026-03-31T23:46:40.129Z
36a7cfd5-7abc-462e-8097-91e212da851c,user99,+919948145240,Street 99,Andheri,Hyderabad,Telangana,500099,2026-03-31T23:46:40.129Z
